implementation,sketch,dataset,op,n,throughput_ops_per_s,bytes,estimate,exact,rel_error
apache-rust,hll,synthetic,distinct_count,1000000,92765454.144876,4136,990116.600737,1000000.000000,0.009883
apache-rust,theta,synthetic,distinct_count,1000000,107929202.328724,52504,1002714.745231,1000000.000000,0.002715
apache-rust,bloom,synthetic,build,1000000,15008536.104910,1198168,,,
apache-rust,countmin,synthetic,point_query,1001000,23181223.440594,81944,1436.000000,1000.000000,0.436000
