implementation,sketch,dataset,op,n,throughput_ops_per_s,bytes,estimate,exact,rel_error
apache-rust,hll,synthetic,distinct_count,1000000,95489696.948168,4136,990116.600737,1000000.000000,0.009883
apache-rust,cpc,synthetic,distinct_count,1000000,61356122.469766,2496,993335.318875,1000000.000000,0.006665
apache-rust,theta,synthetic,distinct_count,1000000,116825841.876223,52504,1002714.745231,1000000.000000,0.002715
apache-rust,bloom,synthetic,build,1000000,16524817.359043,1198168,,,
apache-rust,countmin,synthetic,point_query,1001000,24619067.278230,81944,1436.000000,1000.000000,0.436000
