implementation,sketch,dataset,op,n,reps,throughput_median_ops_per_s,throughput_stddev,throughput_ci_low,throughput_ci_high,bytes,live_bytes,estimate,exact,rel_error
apache-rust,hll,synthetic,distinct_count,1000000,15,102649201.384081,5317749.768110,102404372.748640,102944638.741012,4136,4096,990116.600737,1000000.000000,0.009883
apache-rust,cpc,synthetic,distinct_count,1000000,15,65119004.981604,310092.809703,64921363.997858,65342394.145321,2496,5120,993335.318875,1000000.000000,0.006665
apache-rust,theta,synthetic,distinct_count,1000000,15,114157961.741557,662117.008178,113913055.860115,114480881.292141,52504,65536,1002714.745231,1000000.000000,0.002715
apache-rust,bloom,synthetic,build,1000000,15,17077207.575319,40044.339557,17042065.595149,17121223.449755,1198168,1198136,,,
apache-rust,countmin,synthetic,point_query,1001000,15,25295556.849338,98059.986930,25232908.441572,25307148.129134,81944,81960,1436.000000,1000.000000,0.436000
