implementation,sketch,dataset,op,n,reps,throughput_median_ops_per_s,throughput_stddev,bytes,live_bytes,estimate,exact,rel_error
apache-cpp,hll,synthetic,distinct_count,1000000,30,223189845.915569,2471870.229784,4136,4192,990116.600737,1000000.000000,0.009883
apache-cpp,cpc,synthetic,distinct_count,1000000,30,91659031.494547,1683979.134067,2496,5120,993335.318875,1000000.000000,0.006665
apache-cpp,theta,synthetic,distinct_count,1000000,30,243309060.047966,10885612.633567,52504,65536,1002714.745231,1000000.000000,0.002715
apache-cpp,bloom,synthetic,build,1000000,30,67415028.704391,3553447.676371,1198168,1212416,,,
apache-cpp,countmin,synthetic,point_query,1001000,30,25877685.820143,394995.988177,81944,81968,1461.000000,1000.000000,0.461000
