implementation,sketch,dataset,op,n,reps,throughput_median_ops_per_s,throughput_stddev,throughput_ci_low,throughput_ci_high,bytes,live_bytes,estimate,exact,rel_error
apache-cpp,hll,synthetic,distinct_count,1000000,15,221141088.014153,1986142.220879,220022002.200220,222915737.851092,4136,4192,990116.600737,1000000.000000,0.009883
apache-cpp,cpc,synthetic,distinct_count,1000000,15,91650627.806800,520376.714556,91215908.054365,92208390.963578,2496,5120,993335.318875,1000000.000000,0.006665
apache-cpp,theta,synthetic,distinct_count,1000000,15,243842965.130456,2068702.763498,242836328.314716,245098039.215686,52504,65536,1002714.745231,1000000.000000,0.002715
apache-cpp,bloom,synthetic,build,1000000,15,70821529.745042,1457776.281170,69837279.139605,71230144.597194,1198168,1212416,,,
apache-cpp,countmin,synthetic,point_query,1001000,15,25670615.992204,74968.509215,25632490.013316,25714138.923140,81944,81968,1461.000000,1000.000000,0.461000
