implementation,sketch,dataset,op,n,throughput_ops_per_s,bytes,estimate,exact,rel_error
apache-cpp,hll,synthetic,distinct_count,1000000,200200200.200200,4136,990116.600737,1000000.000000,0.009883
apache-cpp,cpc,synthetic,distinct_count,1000000,104591569.919464,2496,993335.318875,1000000.000000,0.006665
apache-cpp,theta,synthetic,distinct_count,1000000,275406224.180666,52504,1002714.745231,1000000.000000,0.002715
apache-cpp,bloom,synthetic,build,1000000,75182317.119014,1198168,,,
apache-cpp,countmin,synthetic,point_query,1001000,38242597.898758,81944,1461.000000,1000.000000,0.461000
