implementation,sketch,dataset,op,n,reps,throughput_median_ops_per_s,throughput_stddev,bytes,live_bytes,estimate,exact,rel_error
apache,hll,synthetic,distinct_count,1000000,30,13012313.782662,422704.551971,4136,40,1003898.365032,1000000.000000,0.003898
apache,cpc,synthetic,distinct_count,1000000,30,12170493.431706,205161.104738,2448,128,1011707.225638,1000000.000000,0.011707
apache,theta,synthetic,distinct_count,1000000,30,12697154.026046,185423.857301,53624,72,1012397.633610,1000000.000000,0.012398
apache,kll,synthetic,quantile_median,1000000,30,14463058.942810,151287.712266,2536,112,499601.000000,500000.000000,0.000798
apache,countmin,synthetic,point_query,1001000,30,6104089.545553,83043.231573,81944,96,1459.000000,1000.000000,0.459000
