implementation,sketch,dataset,op,n,reps,throughput_median_ops_per_s,throughput_stddev,bytes,live_bytes,estimate,exact,rel_error
ours,hll,synthetic,distinct_count,1000000,30,34162100.527919,607227.277362,4096,96,1009210.398322,1000000.000000,0.009210
ours,cpc,synthetic,distinct_count,1000000,30,28048458.761023,441115.822426,2505,104,1015570.253141,1000000.000000,0.015570
ours,theta,synthetic,distinct_count,1000000,30,33177446.195846,676257.833631,,80,1004758.073883,1000000.000000,0.004758
ours,kll,synthetic,quantile_median,1000000,30,15653352.079612,195587.842654,,136,499859.000000,500000.000000,0.000282
ours,bloom,synthetic,build,1000000,30,17908273.670611,310398.489357,1198132,64,,,
ours,countmin,synthetic,point_query,1001000,30,17415037.228238,277676.607415,81920,72,1462.000000,1000.000000,0.462000
